{"IcoMoonType":"selection","icons":[{"icon":{"paths":["M822.003 776.822l0.023-0.023-575.522-575.483c-5.788-5.792-13.786-9.375-22.621-9.375-17.662 0-31.98 14.318-31.98 31.98 0 8.834 3.583 16.832 9.373 22.62l574.836 574.796c5.839 6.278 14.167 10.21 23.416 10.21 17.662 0 31.98-14.318 31.98-31.98 0-8.901-3.638-16.948-9.505-22.746zM776.784 201.448l-0.023-0.023-575.483 575.522c-5.792 5.788-9.375 13.786-9.375 22.621 0 17.662 14.318 31.98 31.98 31.98 8.834 0 16.832-3.583 22.62-9.373l574.797-574.836c6.278-5.839 10.21-14.167 10.21-23.416 0-17.662-14.318-31.98-31.98-31.98-8.902-0-16.95 3.638-22.747 9.505z"],"attrs":[{}],"isMulticolor":false,"isMulticolor2":false,"grid":0,"tags":["close"]},"attrs":[{}],"properties":{"order":122,"id":2,"name":"close","prevSize":32,"code":59648},"setIdx":0,"setId":9,"iconIdx":0},{"icon":{"paths":["M661.333 512c-21.333 19.2-72.533 70.4-89.6 102.4-12.8 21.333-17.067 66.133-17.067 89.6v0c0 23.467-19.2 42.667-42.667 42.667s-42.667-19.2-42.667-42.667c0-2.133 0-2.133 0-4.267 0-36.267 8.533-96 27.733-128 29.867-51.2 36.267-59.733 57.6-81.067 34.133-34.133 85.333-64 85.333-128 0-70.4-57.6-128-128-128s-128 57.6-128 128c0 23.467-19.2 42.667-42.667 42.667s-42.667-19.2-42.667-42.667c0-117.333 96-213.333 213.333-213.333s213.333 96 213.333 213.333c0 81.067-44.8 132.267-64 149.333zM512 789.333c23.467 0 42.667 19.2 42.667 42.667s-19.2 42.667-42.667 42.667-42.667-19.2-42.667-42.667c0-23.467 19.2-42.667 42.667-42.667z"],"attrs":[{}],"isMulticolor":false,"isMulticolor2":false,"grid":0,"tags":["question"]},"attrs":[{}],"properties":{"order":121,"id":1,"name":"question","prevSize":32,"code":59649},"setIdx":0,"setId":9,"iconIdx":1},{"icon":{"paths":["M808 602.9c-23.6 164.2-181.8 285.5-358.7 248.3-112.4-23.6-203.7-114.4-227.3-226.8-40.3-192 92-361.8 290.4-361.8v99.2l248-148.8-248-148.8v99.2c-248 0-438 222.4-388.6 476.5 30.1 154.7 155 279.4 309.7 309.5 234.5 45.6 442.1-115.5 472.7-333.3 4.2-29.6-19.7-55.8-49.5-55.8h0.1c-24.7 0-45.3 18.2-48.8 42.6z"],"attrs":[{}],"isMulticolor":false,"isMulticolor2":false,"grid":0,"tags":["Reset"]},"attrs":[{}],"properties":{"order":120,"id":0,"name":"reset","prevSize":32,"code":59650},"setIdx":0,"setId":9,"iconIdx":2}],"height":1024,"metadata":{"name":"icomoon"},"preferences":{"showGlyphs":true,"showQuickUse":true,"showQuickUse2":true,"showSVGs":true,"fontPref":{"prefix":"icon-","metadata":{"fontFamily":"icomoon"},"metrics":{"emSize":1024,"baseline":14.271749755620725,"whitespace":25.024437927663733},"embed":false},"imagePref":{"prefix":"icon-","png":true,"useClassSelector":true,"color":0,"bgColor":16777215,"classSelector":".icon"},"historySize":50,"showCodes":true,"gridSize":16,"showGrid":true}}